Date_Submittted,Analyte_(Lead),Result_Lead_(PPB),Analyte_(Copper),Result_Copper_(PPB),Address,City,Zip_Code,Site_Code,Service_Line_Material,Sample_Location,Sentinel_Group_Number
3/2/2016,Lead,0,Copper,0,POLLY ST   ,FLINT,48505,FS0001,Copper,BATHROOM,2
3/2/2016,Lead,0,Copper,0,E CARPENTER RD  ,FLINT,48505,FS0002,Copper,BATHROOM,2
3/2/2016,Lead,0,Copper,70,E HOLBROOK AVE  ,FLINT,48505,FS0005,Copper,KITCHEN,2
3/2/2016,Lead,0,Copper,0,E HOME AVE  ,FLINT,48505,FS0007,Copper,KITCHEN,2
3/2/2016,Lead,0,Copper,0,E LYNDON AVE  ,FLINT,48505,FS0013,Copper,KITCHEN,2
3/2/2016,Lead,0,Copper,0,INDUSTRIAL AVE   ,FLINT,48505,FS0014,Copper,KITCHEN,2
3/2/2016,Lead,0,Copper,0,BIRCHCREST DR   ,FLINT,48504,FS0027,Copper,KITCHEN,2
3/3/2016,Lead,0,Copper,250,CLIO RD   ,FLINT,48504,FS0029,Copper,BATHROOM,2
3/4/2016,Lead,0,Copper,0,KELLAR AVE   ,FLINT,48504,FS0030,Copper,KITCHEN,2
3/2/2016,Lead,0,Copper,230,FOREST HILL AVE  ,FLINT,48504,FS0035,Copper,,2
3/2/2016,Lead,0,Copper,0,W RANKIN ST  ,FLINT,48505,FS0037,Copper,KITCHEN,2
3/2/2016,Lead,0,Copper,50,WYOMING AVE   ,FLINT,48506,FS0055,Copper,,2
3/2/2016,Lead,0,Copper,0,WOODROW AVE   ,FLINT,48506,FS0057,Copper,KITCHEN,2
3/2/2016,Lead,0,Copper,60,CRAIG DR   ,FLINT,48506,FS0061,Copper,KITCHEN,2
3/2/2016,Lead,0,Copper,120,N CENTER RD  ,FLINT,48506,FS0077,Copper,BATHROOM,2
3/2/2016,Lead,0,Copper,0,THOMAS ST   ,FLINT,48504,FS0096,Copper,KITCHEN,2
3/2/2016,Lead,0,Copper,80,MALLERY ST   ,FLINT,48504,FS0097,Copper,BATHROOM,2
3/2/2016,Lead,0,Copper,0,W KEARSLEY ST  ,FLINT,48532,FS0110,Copper,,2
3/2/2016,Lead,0,Copper,0,SALLY CT   ,FLINT,48505,FS0138,Copper,KITCHEN,2
3/2/2016,Lead,0,Copper,0,ORANGE LN   ,FLINT,48505,FS0139,Copper,KITCHEN,2
3/2/2016,Lead,0,Copper,0,E LORADO AVE  ,FLINT,48505,FS0147,Copper,BATHROOM,2
3/2/2016,Lead,0,Copper,0,E PARKWAY AVE  ,FLINT,48505,FS0152,Copper,BATHROOM,2
3/2/2016,Lead,0,Copper,0,W BUNDY AVE  ,FLINT,48505,FS0155,Copper,BATHROOM,2
3/3/2016,Lead,0,Copper,0,CHANDLER AVE   ,FLINT,48503,FS0165,Copper,KITCHEN,2
3/2/2016,Lead,0,Copper,70,BARRINGTON DR   ,FLINT,48503,FS0176,Copper,KITCHEN,2
3/2/2016,Lead,0,Copper,130,COMMONWEALTH AVE   ,FLINT,48503,FS0181,Copper,KITCHEN,2
3/2/2016,Lead,0,Copper,100,GIBSON ST   ,FLINT,48503,FS0189,Copper,,2
3/3/2016,Lead,0,Copper,0,INGLESIDE AVE   ,FLINT,48507,FS0243,Copper,,2
3/1/2016,Lead,0,Copper,0,ZIMMERMAN ST   ,FLINT,48522,FS0253,Copper,KITCHEN,2
3/2/2016,Lead,0,Copper,0,KNAPP AVE   ,FLINT,48503,FS0255,Copper,KITCHEN,2
3/2/2016,Lead,0,Copper,0,MILLER RD   ,FLINT,48503,FS0265,Copper,KITCHEN,2
3/2/2016,Lead,0,Copper,0,WOODCROFT AVE   ,FLINT,48503,FS0266,Copper,KITCHEN,2
3/2/2016,Lead,0,Copper,170,WOODCROFT AVE   ,FLINT,48503,FS0267,Copper,BATHROOM,2
3/2/2016,Lead,0,Copper,0,IDA AVE   ,FLINT,48503,FS0269,Copper,KITCHEN,2
3/2/2016,Lead,0,Copper,0,MAXINE ST   ,FLINT,48503,FS0283,Copper,KITCHEN,2
3/2/2016,Lead,0,Copper,0,E COURT ST  ,FLINT,48503,FS0293,Copper,KITCHEN,2
3/2/2016,Lead,0,Copper,0,E COURT ST  ,FLINT,48503,FS0302,Copper,KITCHEN,2
3/3/2016,Lead,0,Copper,0,E COURT ST  ,FLINT,48503,FS0305,Copper,,2
3/9/2016,Lead,0,Copper,0,E AUSTIN AVE  ,FLINT,48505,FS0313,Copper,KITCHEN,2
3/2/2016,Lead,0,Copper,0,WYOMING AVE   ,FLINT,48506,FS0326,Copper,KITCHEN,2
3/2/2016,Lead,0,Copper,0,KELLAR AVE   ,FLINT,48504,FS0335,Copper,,2
3/2/2016,Lead,0,Copper,0,ILLINOIS AVE   ,FLINT,48506,FS0349,Copper,KITCHEN,2
3/2/2016,Lead,0,Copper,0,CHURCHILL AVE   ,FLINT,48506,FS0353,Copper,KITCHEN,2
3/2/2016,Lead,0,Copper,0,MASON ST   ,FLINT,48503,FS0381,Copper,BATHROOM,2
3/2/2016,Lead,0,Copper,0,WINONA ST   ,FLINT,48504,FS0416,Copper,KITCHEN,2
3/3/2016,Lead,0,Copper,130,BARTH ST   ,FLINT,48504,FS0417,Copper,KITCHEN,2
3/2/2016,Lead,0,Copper,0,COPEMAN BLVD   ,FLINT,48504,FS0420,Copper,,2
3/7/2016,Lead,0,Copper,0,COPEMAN BLVD   ,FLINT,48504,FS0424,Copper,,2
3/2/2016,Lead,0,Copper,90,N STEVENSON ST  ,FLINT,48504,FS0510,Copper,KITCHEN,2
3/3/2016,Lead,0,Copper,0,WOLCOTT ST   ,FLINT,48504,FS0518,Copper,KITCHEN,2
3/2/2016,Lead,0,Copper,0,COPEMAN BLVD   ,FLINT,48504,FS0536,Copper,KITCHEN,2
3/2/2016,Lead,0,Copper,0,WINONA ST   ,FLINT,48504,FS0562,Copper,KITCHEN,2
3/3/2016,Lead,0,Copper,0,KELLAR AVE   ,FLINT,48504,FS0564,Copper,KITCHEN,2
3/2/2016,Lead,0,Copper,70,SUNSET DR   ,FLINT,48503,FS0576,Copper,KITCHEN,2
3/4/2016,Lead,0,Copper,0,WINONA ST   ,FLINT,48504,FS0579,Copper,KITCHEN,2
3/2/2016,Lead,0,Copper,0,WINONA ST   ,FLINT,48504,FS0583,Copper,,2
3/2/2016,Lead,0,Copper,80,ELDORADO DR   ,FLINT,48504,FS0585,Copper,KITCHEN,2
3/7/2016,Lead,0,Copper,0,BARTH ST   ,FLINT,48504,FS0597,Copper,KITCHEN,2
3/6/2016,Lead,0,Copper,0,WINONA ST   ,FLINT,48504,FS0606,Copper,KITCHEN,2
3/2/2016,Lead,0,Copper,50,WESTCOMBE AVE   ,FLINT,48503,FS0620,Copper,KITCHEN,2
3/2/2016,Lead,0,Copper,0,BRENTWOOD DR   ,FLINT,48503,FS0629,Copper,KITCHEN,2
3/2/2016,Lead,0,Copper,50,PENCOMBE PL   ,FLINT,48503,FS0648,Copper,KITCHEN,2
3/2/2016,Lead,0,Copper,0,PENCOMBE PL   ,FLINT,48503,FS0674,Copper,,2
3/3/2016,Lead,0,Copper,0,WINONA ST   ,FLINT,48504,FS0675,Copper,KITCHEN,2
3/2/2016,Lead,0,Copper,280,BRENTWOOD DR   ,FLINT,48503,FS0692,Copper,KITCHEN,2
3/3/2016,Lead,0,Copper,0,HELBER ST   ,FLINT,48504,FS0707,Copper,KITCHEN,2
3/2/2016,Lead,0,Copper,0,HELBER ST   ,FLINT,48504,FS0715,Copper,KITCHEN,2
3/2/2016,Lead,0,Copper,0,BEGOLE ST   ,FLINT,48504,FS0718,Copper,KITCHEN,2
3/11/2016,Lead,0,Copper,0,EMERSON ST   ,FLINT,48504,FS0757,Copper,KITCHEN,2
3/2/2016,Lead,0,Copper,70,MALLERY ST   ,FLINT,48504,FS0765,Copper,KITCHEN,2
3/11/2016,Lead,0,Copper,0,W JACKSON AVE  ,FLINT,48504,FS0792,Copper,BATHROOM,2
3/2/2016,Lead,0,Copper,0,THOMAS ST   ,FLINT,48504,FS0852,Copper,BATHROOM,2
3/2/2016,Lead,0,Copper,0,WALTER ST   ,FLINT,48504,FS0870,Copper,KITCHEN,2
3/11/2016,Lead,0,Copper,0,W JACKSON AVE  ,FLINT,48504,FS0936,Copper,BATHROOM,2
3/9/2016,Lead,0,Copper,180,NOLEN DR   ,FLINT,48504,FS0953,Copper,KITCHEN,2
3/2/2016,Lead,0,Copper,70,DARYLL DR   ,FLINT,48505,FS0994,Copper,KITCHEN,2
3/2/2016,Lead,0,Copper,110,HILLS ST   ,FLINT,48503,FS0997,Copper,,2
3/2/2016,Lead,0,Copper,0,ROBBIE LN   ,FLINT,48505,FS1007,Copper,KITCHEN,2
3/2/2016,Lead,0,Copper,0,ROBBIE LN   ,FLINT,48505,FS1007,Copper,BATHROOM,2
3/7/2016,Lead,0,Copper,0,HERRICK ST   ,FLINT,48532,FS1031,Copper,,2
3/3/2016,Lead,0,Copper,0,MASON ST   ,FLINT,48505,FS1039,Copper,KITCHEN,2
3/2/2016,Lead,0,Copper,70,WHITNEY AVE   ,FLINT,48532,FS1041,Copper,KITCHEN,2
3/2/2016,Lead,0,Copper,0,BRABYN ST   ,FLINT,48503,FS1068,Copper,KITCHEN,2
3/2/2016,Lead,0,Copper,60,ARLENE AVE   ,FLINT,48532,FS1079,Copper,KITCHEN,2
3/3/2016,Lead,0,Copper,0,CRAWFORD ST   ,FLINT,48507,FS1084,Copper,,2
3/2/2016,Lead,0,Copper,0,HOGARTH AVE   ,FLINT,48532,FS1104,Copper,,2
3/2/2016,Lead,0,Copper,0,CLAIRMONT ST   ,FLINT,48503,FS1127,Copper,KITCHEN,2
3/2/2016,Lead,0,Copper,0,AVENUE B   ,FLINT,48503,FS1128,Copper,BATHROOM,2
3/2/2016,Lead,0,Copper,0,E GENESEE ST  ,FLINT,48505,FS1171,Copper,KITCHEN,2
3/2/2016,Lead,0,Copper,0,HILLS ST   ,FLINT,48503,FS1173,Copper,KITCHEN,2
3/2/2016,Lead,0,Copper,0,W FOSS AVE  ,FLINT,48505,FS1202,Copper,KITCHEN,2
3/2/2016,Lead,0,Copper,0,HURON ST   ,FLINT,48507,FS1210,Copper,KITCHEN,2
3/6/2016,Lead,0,Copper,0,WOODROW AVE   ,FLINT,48506,FS1213,Copper,,2
3/2/2016,Lead,0,Copper,50,BRANDON ST   ,FLINT,48503,FS1214,Copper,,2
3/2/2016,Lead,0,Copper,0,LARCHMONT ST   ,FLINT,48503,FS1226,Copper,KITCHEN,2
3/2/2016,Lead,0,Copper,0,GREENFIELD AVE   ,FLINT,48503,FS1228,Copper,KITCHEN,2
3/2/2016,Lead,0,Copper,0,MONTCLAIR AVE   ,FLINT,48503,FS1229,Copper,,2
3/2/2016,Lead,0,Copper,60,BURROUGHS AVE   ,FLINT,48507,FS1247,Copper,KITCHEN,2
3/4/2016,Lead,0,Copper,0,BURROUGHS AVE   ,FLINT,48507,FS1256,Copper,KITCHEN,2
3/2/2016,Lead,0,Copper,70,BURROUGHS AVE   ,FLINT,48507,FS1261,Copper,KITCHEN,2
3/3/2016,Lead,0,Copper,0,W VAN WAGONER AVE ,FLINT,48505,FS1267,Copper,KITCHEN,2
3/6/2016,Lead,0,Copper,60,BRANDON ST   ,FLINT,48503,FS1314,Copper,KITCHEN,2
3/2/2016,Lead,0,Copper,0,E YORK AVE  ,FLINT,48505,FS1330,Copper,,2
3/6/2016,Lead,0,Copper,0,W SIXTH ST  ,FLINT,48503,FS1333,Copper,KITCHEN,2
3/3/2016,Lead,0,Copper,0,PIERCE ST   ,FLINT,48503,FS1383,Copper,BATHROOM,2
3/2/2016,Lead,0,Copper,0,KENNELWORTH AVE   ,FLINT,48503,FS1387,Copper,,2
3/3/2016,Lead,0,Copper,0,CHANDLER AVE   ,FLINT,48503,FS1418,Copper,,2
3/3/2016,Lead,0,Copper,170,M L KING AVE ,FLINT,48505,FS1419,Copper,KITCHEN,2
3/7/2016,Lead,0,Copper,0,PIERCE ST   ,FLINT,48503,FS1440,Copper,KITCHEN,2
3/2/2016,Lead,0,Copper,0,DURAND ST   ,FLINT,48503,FS1443,Copper,KITCHEN,2
3/7/2016,Lead,0,Copper,80,W GENESEE ST  ,FLINT,48505,FS1480,Copper,KITCHEN,2
3/2/2016,Lead,0,Copper,180,CLINTON ST   ,FLINT,48507,FS1515,Copper,KITCHEN,2
3/2/2016,Lead,0,Copper,60,CLAIRMONT ST   ,FLINT,48503,FS1521,Copper,KITCHEN,2
3/2/2016,Lead,0,Copper,0,W MC CLELLAN ST ,FLINT,48505,FS1532,Copper,BATHROOM,2
3/3/2016,Lead,0,Copper,100,HOGARTH AVE   ,FLINT,48532,FS1541,Copper,BATHROOM,2
3/2/2016,Lead,0,Copper,0,NOLEN DR   ,FLINT,48504,FS1578,Copper,KITCHEN,2
3/2/2016,Lead,0,Copper,870,ARLENE AVE   ,FLINT,48532,FS1586,Copper,,2
3/2/2016,Lead,0,Copper,0,HOLLY AVE   ,FLINT,48506,FS1601,Copper,,2
3/2/2016,Lead,0,Copper,70,E ALMA AVE  ,FLINT,48505,FS1604,Copper,KITCHEN,2
3/3/2016,Lead,0,Copper,0,MASON ST   ,FLINT,48505,FS1627,Copper,KITCHEN,2
3/2/2016,Lead,0,Copper,70,HOGARTH AVE   ,FLINT,48532,FS1659,Copper,KITCHEN,2
3/2/2016,Lead,0,Copper,0,WHITNEY AVE   ,FLINT,48532,FS1666,Copper,,2
3/2/2016,Lead,0,Copper,0,CRAWFORD ST   ,FLINT,48507,FS1668,Copper,KITCHEN,2
3/7/2016,Lead,0,Copper,50,CLAIRMONT ST   ,FLINT,48503,FS1671,Copper,KITCHEN,2
3/2/2016,Lead,0,Copper,0,BROWNING AVE   ,FLINT,48507,FS1698,Copper,KITCHEN,2
3/4/2016,Lead,0,Copper,50,PIERCE ST   ,FLINT,48503,FS1721,Copper,,2
3/2/2016,Lead,0,Copper,0,CRAWFORD ST   ,FLINT,48507,FS1726,Copper,KITCHEN,2
3/9/2016,Lead,0,Copper,0,NOLEN DR   ,FLINT,48504,FS1743,Copper,KITCHEN,2
3/9/2016,Lead,0,Copper,0,NOLEN DR   ,FLINT,48504,FS1743,Copper,KITCHEN,2
3/3/2016,Lead,0,Copper,0,NOLEN DR   ,FLINT,48504,FS1756,Copper,KITCHEN,2
3/7/2016,Lead,0,Copper,0,BRANDON ST   ,FLINT,48503,FS1783,Copper,KITCHEN,2
3/6/2016,Lead,0,Copper,0,NEW YORK AVE  ,FLINT,48506,FS1855,Copper,KITCHEN,2
3/2/2016,Lead,0,Copper,60,NOLEN DR   ,FLINT,48504,FS1881,Copper,KITCHEN,2
3/2/2016,Lead,0,Copper,0,LAFAYETTE ST   ,FLINT,48503,FS1897,Copper,KITCHEN,2
3/2/2016,Lead,0,Copper,0,CLINTON ST   ,FLINT,48507,FS1899,Copper,KITCHEN,2
3/3/2016,Lead,0,Copper,240,ROBBIE LN   ,FLINT,48505,FS1917,Copper,KITCHEN,2
3/2/2016,Lead,0,Copper,0,BRANDON ST   ,FLINT,48503,FS1966,Copper,,2
3/2/2016,Lead,0,Copper,60,CHAMBERS ST   ,FLINT,48507,FS1971,Copper,KITCHEN,2
3/2/2016,Lead,0,Copper,0,GRANDY ST   ,FLINT,48503,FS1975,Copper,KITCEHN,2
3/2/2016,Lead,0,Copper,0,GREENFIELD AVE   ,FLINT,48503,FS1976,Copper,KITCHEN,2
3/2/2016,Lead,0,Copper,0,E BISHOP AVE  ,FLINT,48505,FS1977,Copper,KITCHEN,2
3/9/2016,Lead,0,Copper,70,DALE AVE   ,FLINT,48506,FS1981,Copper,KITCHEN,2
3/2/2016,Lead,0,Copper,0,DALE AVE   ,FLINT,48506,FS1992,Copper,KITCHEN,2
3/2/2016,Lead,0,Copper,0,CLINTON ST   ,FLINT,48507,FS1998,Copper,KITCHEN,2
3/2/2016,Lead,0,Copper,0,E GENESEE ST  ,FLINT,48505,FS2000,Copper,BATHROOM,2
3/3/2016,Lead,0,Copper,50,W GENESEE ST  ,FLINT,48504,FS2007,Copper,,2
3/9/2016,Lead,0,Copper,60,DALE AVE   ,FLINT,48506,FS2010,Copper,KITCHEN,2
3/2/2016,Lead,0,Copper,0,E SECOND ST  ,FLINT,48503,FS2011,Copper,KITCHEN,2
3/2/2016,Lead,0,Copper,0,ALVORD AVE   ,FLINT,48507,FS2019,Copper,KITCHEN,2
3/2/2016,Lead,0,Copper,100,BROWNING AVE   ,FLINT,48507,FS2024,Copper,,2
3/3/2016,Lead,0,Copper,0,TENNYSON AVE   ,FLINT,48507,FS2026,Copper,,2
3/2/2016,Lead,0,Copper,90,E RUSSELL AVE  ,FLINT,48505,FS2038,Copper,KITCHEN,2
3/2/2016,Lead,0,Copper,50,CLINTON ST   ,FLINT,48507,FS2042,Copper,KITCHEN,2
3/2/2016,Lead,0,Copper,0,CALUMET ST   ,FLINT,48503,FS2054,Copper,KITCHEN,2
3/2/2016,Lead,0,Copper,90,CLINTON ST   ,FLINT,48507,FS2055,Copper,,2
3/2/2016,Lead,0,Copper,0,WINDEMERE AVE   ,FLINT,48503,FS2056,Copper,KITCHEN,2
3/2/2016,Lead,0,Copper,0,E BAKER ST  ,FLINT,48505,FS2059,Copper,,2
3/2/2016,Lead,0,Copper,0,CHALMERS ST   ,FLINT,48503,FS2077,Copper,KITCHEN,2
3/3/2016,Lead,0,Copper,0,E ALMA AVE  ,FLINT,48505,FS2128,Copper,,2
3/3/2016,Lead,0,Copper,0,E ALMA AVE  ,FLINT,48505,FS2133,Copper,,2
3/2/2016,Lead,0,Copper,0,CLINTON ST   ,FLINT,48507,FS2134,Copper,KITCHEN,2
3/4/2016,Lead,0,Copper,50,W SIXTH ST  ,FLINT,48503,FS2193,Copper,BATHROOM,2
3/2/2016,Lead,0,Copper,80,MOUNTAIN AVE   ,FLINT,48503,FS2196,Copper,KITCHEN,2
3/6/2016,Lead,0,Copper,0,WOODROW AVE   ,FLINT,48506,FS2197,Copper,KITCHEN,2
3/2/2016,Lead,0,Copper,60,HILLS ST   ,FLINT,48503,FS2199,Copper,KITCHEN,2
3/2/2016,Lead,0,Copper,140,LAFAYETTE ST   ,FLINT,48503,FS2222,Copper,KITCHEN,2
3/3/2016,Lead,0,Copper,0,E CARPENTER RD  ,FLINT,48505,FS2224,Copper,KITCHEN,2
3/2/2016,Lead,0,Copper,0,MOUNTAIN AVE   ,FLINT,48503,FS2226,Copper,,2
3/2/2016,Lead,0,Copper,70,MOUNTAIN AVE   ,FLINT,48503,FS2226,Copper,,2
3/7/2016,Lead,0,Copper,0,WOODROW AVE   ,FLINT,48506,FS2233,Copper,KITCHEN,2
3/2/2016,Lead,0,Copper,80,BRANDON ST   ,FLINT,48503,FS2234,Copper,KITCHEN,2
3/2/2016,Lead,0,Copper,180,CLINTON ST   ,FLINT,48507,FS2242,Copper,KITCHEN,2
3/4/2016,Lead,0,Copper,200,FRANK ST   ,FLINT,48504,FS2245,Copper,KITCHEN,2
3/2/2016,Lead,0,Copper,100,CLAIRMONT ST   ,FLINT,48503,FS2275,Copper,KITCHEN,2
3/4/2016,Lead,0,Copper,0,ALLENDALE PL   ,FLINT,48503,FS2340,Copper,KITCHEN,2
3/2/2016,Lead,0,Copper,90,WOODROW AVE   ,FLINT,48506,FS2345,Copper,KITCHEN,2
3/3/2016,Lead,0,Copper,60,WOODROW AVE   ,FLINT,48506,FS2351,Copper,,2
3/3/2016,Lead,0,Copper,130,ALLENDALE PL   ,FLINT,48503,FS2354,Copper,KITCHEN,2
3/2/2016,Lead,0,Copper,0,HERRICK ST   ,FLINT,48532,FS2383,Copper,KITCHEN,2
3/2/2016,Lead,0,Copper,100,CALUMET ST   ,FLINT,48503,FS2454,Copper,KITCHEN,2
3/3/2016,Lead,0,Copper,120,BROWNING AVE   ,FLINT,48507,FS2455,Copper,KITCHEN,2
3/8/2016,Lead,0,Copper,110,BRANDON ST   ,FLINT,48503,FS2483,Copper,KITCHEN,2
3/2/2016,Lead,0,Copper,110,HERRICK ST   ,FLINT,48532,FS2511,Copper,KITCHEN,2
3/2/2016,Lead,0,Copper,0,E MOORE ST  ,FLINT,48505,FS2573,Copper,KITCHEN,2
3/3/2016,Lead,0,Copper,60,SHERWOOD DR   ,FLINT,48503,FS2611,Copper,KITCHEN,2
3/6/2016,Lead,0,Copper,0,CAMPBELL ST   ,FLINT,48507,FS2616,Copper,KITCHEN,2
3/2/2016,Lead,0,Copper,0,BROWNING AVE   ,FLINT,48507,FS2622,Copper,,2
3/2/2016,Lead,0,Copper,0,DALE AVE   ,FLINT,48506,FS2714,Copper,KITCHEN,2
3/3/2016,Lead,0,Copper,0,CRAWFORD ST   ,FLINT,48507,FS2715,Copper,KITCHEN,2
3/4/2016,Lead,0,Copper,100,BARTH ST   ,FLINT,48504,FS2718,Copper,BATHROOM,2
3/9/2016,Lead,1,Copper,60,PARKBELT DR   ,FLINT,48505,FS0136,Copper,KITCHEN,2
3/3/2016,Lead,1,Copper,60,WARNER AVE   ,FLINT,48503,FS0168,Copper,KITCHEN,2
3/2/2016,Lead,1,Copper,0,BLANCHARD AVE   ,FLINT,48503,FS0282,Copper,KITCHEN,2
3/2/2016,Lead,1,Copper,0,S FRANKLIN AVE  ,FLINT,48503,FS0298,Copper,KITCHEN,2
3/2/2016,Lead,1,Copper,0,E COURT ST  ,FLINT,48503,FS0303,Copper,KITCHEN,2
3/2/2016,Lead,1,Copper,0,RASKOB ST   ,FLINT,48504,FS0364,Copper,,2
3/2/2016,Lead,1,Copper,0,PONTIAC ST   ,FLINT,48503,FS0377,Copper,KITCHEN,2
3/3/2016,Lead,1,Copper,180,N BALLENGER HWY  ,FLINT,48504,FS0421,Copper,KITCHEN,2
3/3/2016,Lead,1,Copper,120,FERNDALE PL   ,FLINT,48503,FS0545,Copper,,2
3/3/2016,Lead,1,Copper,0,WELCH BLVD   ,FLINT,48504,FS0632,Copper,KITCHEN,2
3/3/2016,Lead,1,Copper,80,TENNYSON AVE   ,FLINT,48507,FS1047,Copper,KITCHEN,2
3/2/2016,Lead,1,Copper,0,E MOORE ST  ,FLINT,48505,FS1088,Copper,KITCHEN,2
3/2/2016,Lead,1,Copper,140,ROBBIE LN   ,FLINT,48505,FS1141,Copper,KITCHEN,2
3/2/2016,Lead,1,Copper,90,MOUNTAIN AVE   ,FLINT,48503,FS1203,Copper,KITCHEN,2
3/2/2016,Lead,1,Copper,0,BURROUGHS AVE   ,FLINT,48507,FS1263,Copper,,2
3/2/2016,Lead,1,Copper,0,WINTHROP BLVD   ,FLINT,48505,FS1415,Copper,KITCHEN,2
3/13/2016,Lead,1,Copper,80,S FRANKLIN AVE  ,FLINT,48503,FS1417,Copper,BATHROOM,2
3/8/2016,Lead,1,Copper,0,E YORK AVE  ,FLINT,48505,FS1595,Copper,KITCHEN,2
3/2/2016,Lead,1,Copper,0,E BAKER ST  ,FLINT,48505,FS1597,Copper,KITCHEN,2
3/2/2016,Lead,1,Copper,0,BLANCHARD AVE   ,FLINT,48503,FS1638,Copper,KITCHEN,2
3/2/2016,Lead,1,Copper,0,BLANCHARD AVE   ,FLINT,48503,FS1728,Copper,KITCHEN,2
3/2/2016,Lead,1,Copper,80,ARLENE AVE   ,FLINT,48532,FS1851,Copper,,2
3/3/2016,Lead,1,Copper,0,FOREST HILL AVE  ,FLINT,48504,FS1892,Copper,KITCHEN,2
3/2/2016,Lead,1,Copper,90,CHANDLER AVE   ,FLINT,48503,FS1972,Copper,KITCHEN,2
3/2/2016,Lead,1,Copper,0,E COURT ST  ,FLINT,48503,FS2126,Copper,KITCHEN,2
3/2/2016,Lead,1,Copper,70,PIERCE ST   ,FLINT,48503,FS2265,Copper,KITCHEN,2
3/3/2016,Lead,1,Copper,100,CHANDLER AVE   ,FLINT,48503,FS2344,Copper,KITCHEN,2
3/3/2016,Lead,1,Copper,110,NEW YORK AVE  ,FLINT,48506,FS2355,Copper,,2
3/2/2016,Lead,1,Copper,120,HOGARTH AVE   ,FLINT,48532,FS2362,Copper,KITCHEN,2
3/2/2016,Lead,1,Copper,0,CHICAGO BLVD   ,FLINT,48503,FS2363,Copper,KITCHEN,2
3/3/2016,Lead,1,Copper,60,CRAWFORD ST   ,FLINT,48507,FS2514,Copper,KITCHEN,2
3/3/2016,Lead,1,Copper,80,MILTON DR   ,FLINT,48507,FS2683,Copper,KITCHEN,2
3/2/2016,Lead,2,Copper,140,ANN ARBOR ST  ,FLINT,48503,FS0111,Copper,,2
3/2/2016,Lead,2,Copper,90,KIRK AVE   ,FLINT,48503,FS0122,Copper,KITCHEN,2
3/2/2016,Lead,2,Copper,80,SWAYZE ST   ,FLINT,48503,FS0188,Copper,KITCHEN,2
3/2/2016,Lead,2,Copper,0,CLAIRMONT ST   ,FLINT,48503,FS0196,Copper,KITCHEN,2
3/2/2016,Lead,2,Copper,0,CLINTON ST   ,FLINT,48507,FS0234,Copper,KITCHEN,2
3/2/2016,Lead,2,Copper,0,BROWN ST   ,FLINT,48503,FS0259,Copper,KITCHEN,2
3/3/2016,Lead,2,Copper,0,MAXINE ST   ,FLINT,48503,FS0281,Copper,KITCHEN,2
3/2/2016,Lead,2,Copper,50,E COURT ST  ,FLINT,48503,FS0289,Copper,KITCHEN,2
3/2/2016,Lead,2,Copper,100,MOUNTAIN AVE   ,FLINT,48503,FS0294,Copper,KITCHEN,2
3/2/2016,Lead,2,Copper,50,EDMUND ST   ,FLINT,48505,FS0317,Copper,KITCHEN,2
3/6/2016,Lead,2,Copper,260,WISCONSIN AVE   ,FLINT,48506,FS0347,Copper,KITCHEN,2
3/2/2016,Lead,2,Copper,50,MASON ST   ,FLINT,48503,FS0380,Copper,KITCHEN,2
3/2/2016,Lead,2,Copper,300,PROSPECT ST   ,FLINT,48504,FS0407,Copper,KITCHEN,2
3/2/2016,Lead,2,Copper,90,WELCH BLVD   ,FLINT,48504,FS0656,Copper,KITCHEN,2
3/2/2016,Lead,2,Copper,0,WELCH BLVD   ,FLINT,48504,FS0663,Copper,KITCHEN,2
3/2/2016,Lead,2,Copper,0,MACKIN RD   ,FLINT,48504,FS0667,Copper,,2
3/7/2016,Lead,2,Copper,0,BRENTWOOD DR   ,FLINT,48503,FS0670,Copper,KITCHEN,2
3/7/2016,Lead,2,Copper,0,BRENTWOOD DR   ,FLINT,48503,FS0670,Copper,KITCHEN,2
3/2/2016,Lead,2,Copper,0,WELCH BLVD   ,FLINT,48504,FS0672,Copper,,2
3/3/2016,Lead,2,Copper,50,WELCH BLVD   ,FLINT,48504,FS0682,Copper,KITCHEN,2
3/3/2016,Lead,2,Copper,120,THOMAS ST   ,FLINT,48504,FS0899,Copper,KITCHEN,2
3/4/2016,Lead,2,Copper,60,N DEXTER ST  ,FLINT,48506,FS1002,Copper,KITCHEN,2
3/2/2016,Lead,2,Copper,0,MASON ST   ,FLINT,48505,FS1089,Copper,,2
3/2/2016,Lead,2,Copper,0,CHALMERS ST   ,FLINT,48503,FS1129,Copper,KITCHEN,2
3/2/2016,Lead,2,Copper,60,CEDAR ST APT 1 ,FLINT,48503,FS1144,Copper,KITCHEN,2
3/7/2016,Lead,2,Copper,0,E AUSTIN AVE  ,FLINT,48505,FS1167,Copper,BATHROOM,2
3/4/2016,Lead,2,Copper,100,GREENBRIAR LN   ,FLINT,48507,FS1305,Copper,KITCHEN,2
3/2/2016,Lead,2,Copper,70,HOLLY AVE   ,FLINT,48506,FS1327,Copper,KITCHEN,2
3/3/2016,Lead,2,Copper,0,LAWNDALE AVE   ,FLINT,48504,FS1361,Copper,KITCHEN,2
3/2/2016,Lead,2,Copper,0,BURROUGHS AVE   ,FLINT,48507,FS1442,Copper,,2
3/2/2016,Lead,2,Copper,70,WHITNEY AVE   ,FLINT,48532,FS1459,Copper,KITCHEN,2
3/2/2016,Lead,2,Copper,0,WALDMAN AVE   ,FLINT,48507,FS1573,Copper,KITCHEN,2
3/2/2016,Lead,2,Copper,0,CASSIUS ST   ,FLINT,48505,FS1577,Copper,BATHROOM,2
3/2/2016,Lead,2,Copper,210,ALLENDALE PL   ,FLINT,48503,FS1864,Copper,KITCHEN,2
3/2/2016,Lead,2,Copper,0,MASON ST   ,FLINT,48505,FS1891,Copper,KITCHEN,2
3/3/2016,Lead,2,Copper,0,HURON ST   ,FLINT,48507,FS1968,Copper,KITCHEN,2
3/2/2016,Lead,2,Copper,0,CLAIRMONT ST   ,FLINT,48503,FS1978,Copper,,2
3/6/2016,Lead,2,Copper,80,WINDEMERE AVE   ,FLINT,48503,FS1995,Copper,KITCHEN,2
3/2/2016,Lead,2,Copper,190,E GENESEE ST  ,FLINT,48505,FS2040,Copper,BATHROOM,2
3/4/2016,Lead,2,Copper,60,W ALMA AVE  ,FLINT,48505,FS2195,Copper,,2
3/2/2016,Lead,2,Copper,240,ROBBIE LN   ,FLINT,48505,FS2349,Copper,KITCHEN,2
3/2/2016,Lead,2,Copper,200,ARLENE AVE   ,FLINT,48532,FS2364,Copper,KITCHEN,2
3/2/2016,Lead,2,Copper,50,WHITNEY AVE   ,FLINT,48532,FS2375,Copper,KITCHEN,2
3/4/2016,Lead,2,Copper,0,MARVIN ST   ,FLINT,48505,FS2574,Copper,,2
3/2/2016,Lead,2,Copper,130,HILLS ST   ,FLINT,48503,FS2626,Copper,KITCHEN,2
3/3/2016,Lead,2,Copper,0,VALLEY LN   ,FLINT,48503,FS2658,Copper,,2
3/7/2016,Lead,2,Copper,210,E SECOND ST  ,FLINT,48503,FS2688,Copper,KITCHEN,2
3/2/2016,Lead,2,Copper,0,RASKOB ST   ,FLINT,48504,FS2717,Copper,KITCHEN,2
3/3/2016,Lead,2,Copper,100,DALE AVE   ,FLINT,48506,FS2719,Copper,,2
3/2/2016,Lead,3,Copper,60,W GENESEE ST  ,FLINT,48504,FS0040,Copper,,2
3/3/2016,Lead,3,Copper,110,CHURCHILL AVE   ,FLINT,48506,FS0054,Copper,KITCHEN,2
3/2/2016,Lead,3,Copper,90,RISEDORPH AVE   ,FLINT,48506,FS0056,Copper,KITCHEN,2
3/2/2016,Lead,3,Copper,100,SALISHAN CIR   ,FLINT,48506,FS0063,Copper,KITCHEN,2
3/2/2016,Lead,3,Copper,90,CARTIER ST   ,FLINT,48504,FS0107,Copper,,2
3/3/2016,Lead,3,Copper,0,JANICE DR   ,FLINT,48504,FS0137,Copper,KITCHEN,2
3/3/2016,Lead,3,Copper,70,GLOUCESTER ST   ,FLINT,48503,FS0173,Copper,BATHROOM,2
3/2/2016,Lead,3,Copper,0,MAJOR ST   ,FLINT,48507,FS0241,Copper,KITCHEN,2
3/2/2016,Lead,3,Copper,0,S VERNON AVE  ,FLINT,48503,FS0290,Copper,KITCHEN,2
3/2/2016,Lead,3,Copper,90,COPEMAN BLVD   ,FLINT,48504,FS0334,Copper,BATHROOM,2
3/2/2016,Lead,3,Copper,0,OKLAHOMA AVE   ,FLINT,48506,FS0343,Copper,,2
3/2/2016,Lead,3,Copper,0,OKLAHOMA AVE   ,FLINT,48506,FS0344,Copper,KITCHEN,2
3/3/2016,Lead,3,Copper,0,MISSOURI AVE   ,FLINT,48506,FS0350,Copper,KITCHEN,2
3/2/2016,Lead,3,Copper,0,MACKIN RD   ,FLINT,48504,FS0357,Copper,KITCHEN,2
3/2/2016,Lead,3,Copper,0,MACKIN RD   ,FLINT,48502,FS0398,Copper,,2
3/2/2016,Lead,3,Copper,0,SENECA ST   ,FLINT,48504,FS0413,Copper,,2
3/2/2016,Lead,3,Copper,0,COPEMAN BLVD   ,FLINT,48504,FS0418,Copper,KITCHEN,2
3/2/2016,Lead,3,Copper,260,COPEMAN BLVD   ,FLINT,48504,FS0426,Copper,KITCHEN,2
3/2/2016,Lead,3,Copper,120,SENECA ST   ,FLINT,48504,FS0617,Copper,BATHROOM,2
3/2/2016,Lead,3,Copper,0,SENECA ST   ,FLINT,48504,FS0618,Copper,KITCHEN,2
3/4/2016,Lead,3,Copper,100,PENCOMBE PL   ,FLINT,48503,FS0689,Copper,KITCHEN,2
3/2/2016,Lead,3,Copper,60,HELBER ST   ,FLINT,48504,FS0713,Copper,KITCHEN,2
3/2/2016,Lead,3,Copper,70,LEITH ST   ,FLINT,48505,FS1470,Copper,KITCHEN,2
3/2/2016,Lead,3,Copper,110,BRENTWOOD DR   ,FLINT,48503,FS1718,Copper,BATHROOM,2
3/2/2016,Lead,3,Copper,0,AVENUE B   ,FLINT,48503,FS2012,Copper,KITCHEN,2
3/2/2016,Lead,3,Copper,70,SOUTH DR   ,FLINT,48503,FS2033,Copper,KITCHEN,2
3/2/2016,Lead,3,Copper,0,CLINTON ST   ,FLINT,48507,FS2079,Copper,BATHROOM,2
3/2/2016,Lead,3,Copper,0,E WELLINGTON AVE  ,FLINT,48503,FS2120,Copper,KITCHEN,2
3/2/2016,Lead,3,Copper,60,E BAKER ST  ,FLINT,48505,FS2220,Copper,KITCHEN,2
3/2/2016,Lead,3,Copper,0,PIERCE ST   ,FLINT,48503,FS2246,Copper,KITCHEN,2
3/2/2016,Lead,3,Copper,70,FRANK ST   ,FLINT,48504,FS2261,Copper,,2
3/6/2016,Lead,3,Copper,0,W VAN WAGONER AVE ,FLINT,48505,FS2382,Copper,KITCHEN,2
3/7/2016,Lead,3,Copper,0,CLAIRMONT ST   ,FLINT,48503,FS2389,Copper,,2
3/2/2016,Lead,3,Copper,0,BARTH ST   ,FLINT,48504,FS2718,Copper,,2
3/2/2016,Lead,4,Copper,70,W JAMIESON ST  ,FLINT,48505,FS0041,Copper,BATHROOM,2
3/2/2016,Lead,4,Copper,0,LYNN CT   ,FLINT,48503,FS0167,Copper,BATHROOM,2
3/2/2016,Lead,4,Copper,120,WINDEMERE AVE   ,FLINT,48503,FS0291,Copper,BATHROOM,2
3/2/2016,Lead,4,Copper,70,KANSAS AVE   ,FLINT,48506,FS0301,Copper,KITCHEN,2
3/2/2016,Lead,4,Copper,90,E COURT ST  ,FLINT,48503,FS0306,Copper,,2
3/2/2016,Lead,4,Copper,60,CHURCH ST   ,FLINT,48502,FS0389,Copper,BATHROOM,2
3/2/2016,Lead,4,Copper,210,CLOVERDALE PL   ,FLINT,48503,FS0565,Copper,BATHROOM,2
3/2/2016,Lead,4,Copper,50,WESTCOMBE AVE   ,FLINT,48503,FS0608,Copper,KITCHEN,2
3/4/2016,Lead,4,Copper,0,NORBERT ST   ,FLINT,48504,FS0867,Copper,BATHROOM UPSTAIRS,2
3/2/2016,Lead,4,Copper,0,MALLERY ST   ,FLINT,48504,FS0983,Copper,,2
3/2/2016,Lead,4,Copper,130,CLAIRMONT ST   ,FLINT,48503,FS1125,Copper,KITCHEN,2
3/2/2016,Lead,4,Copper,120,W JACKSON AVE  ,FLINT,48505,FS1381,Copper,KITCHEN,2
3/2/2016,Lead,4,Copper,0,LAFAYETTE ST   ,FLINT,48503,FS1983,Copper,KITCHEN,2
3/4/2016,Lead,4,Copper,50,STARKWEATHER ST   ,FLINT,48506,FS2127,Copper,,2
3/4/2016,Lead,4,Copper,180,CRESTBROOK LN   ,FLINT,48507,FS5000,Copper,KITCHEN BATHROOM,2
3/2/2016,Lead,5,Copper,0,NELSON ST   ,FLINT,48503,FS0162,Copper,BATHROOM,2
3/2/2016,Lead,5,Copper,150,KENNELWORTH AVE   ,FLINT,48503,FS0171,Copper,KITCHEN,2
3/2/2016,Lead,5,Copper,0,S FRANKLIN AVE  ,FLINT,48503,FS0285,Copper,BATHROOM,2
3/2/2016,Lead,5,Copper,0,OKLAHOMA AVE   ,FLINT,48506,FS0328,Copper,KITCHEN,2
3/2/2016,Lead,5,Copper,70,SLOAN ST   ,FLINT,48504,FS0360,Copper,BATHROOM,2
3/2/2016,Lead,5,Copper,180,SLOAN ST   ,FLINT,48504,FS0363,Copper,KITCHEN,2
3/2/2016,Lead,5,Copper,60,COPEMAN BLVD   ,FLINT,48504,FS0538,Copper,KITCHEN,2
3/2/2016,Lead,5,Copper,50,PIERCE ST   ,FLINT,48503,FS1043,Copper,KITCHEN,2
3/2/2016,Lead,5,Copper,0,BRANDON ST   ,FLINT,48503,FS1205,Copper,KITCHEN,2
3/1/2016,Lead,5,Copper,0,PETTIBONE AVE   ,FLINT,48507,FS1291,Copper,KITCHEN,2
3/3/2016,Lead,5,Copper,0,S FRANKLIN AVE  ,FLINT,48503,FS1417,Copper,KITCHEN,2
3/2/2016,Lead,5,Copper,0,CRAWFORD ST   ,FLINT,48507,FS1633,Copper,KITCHEN,2
3/2/2016,Lead,5,Copper,0,KENSINGTON AVE   ,FLINT,48503,FS1771,Copper,,2
3/2/2016,Lead,5,Copper,0,GREENFIELD AVE   ,FLINT,48503,FS2123,Copper,KITCHEN,2
3/3/2016,Lead,5,Copper,0,FRANK ST   ,FLINT,48504,FS2260,Copper,BATHROOM,2
3/2/2016,Lead,5,Copper,60,FRANK ST   ,FLINT,48504,FS2313,Copper,KITCHEN,2
3/2/2016,Lead,5,Copper,0,LINWOOD AVE   ,FLINT,48503,FS2324,Copper,KITCHEN,2
3/1/2016,Lead,5,Copper,0,W ATHERTON RD  ,FLINT,48507,FS2671,Copper,BATHROOM,2
3/6/2016,Lead,5,Copper,120,FERNDALE PL   ,FLINT,48503,FS5001,Copper,KITCHEN,2
3/2/2016,Lead,6,Copper,50,W YORK AVE  ,FLINT,48505,FS0154,Copper,BATHROOM,2
3/2/2016,Lead,6,Copper,0,CRAPO ST   ,FLINT,48503,FS0273,Copper,BATHROOM,2
3/2/2016,Lead,6,Copper,0,COVENTRY CT   ,FLINT,48503,FS0372,Copper,BATHROOM,2
3/2/2016,Lead,6,Copper,50,HILLS ST   ,FLINT,48503,FS1078,Copper,KITCHEN,2
3/2/2016,Lead,6,Copper,0,LARCHMONT ST   ,FLINT,48503,FS1227,Copper,KITCHEN,2
3/3/2016,Lead,6,Copper,150,MASON ST   ,FLINT,48505,FS1439,Copper,KITCHEN,2
3/7/2016,Lead,6,Copper,0,WHITNEY AVE   ,FLINT,48532,FS1580,Copper,KITCHEN,2
3/2/2016,Lead,6,Copper,220,E HOBSON AVE  ,FLINT,48505,FS2032,Copper,BATHROOM,2
3/2/2016,Lead,6,Copper,90,PIERCE ST   ,FLINT,48503,FS2311,Copper,KITCHEN,2
3/2/2016,Lead,7,Copper,0,E MOORE ST  ,FLINT,48505,FS0018,Copper,BATHROOM,2
3/2/2016,Lead,7,Copper,70,BUCKINGHAM AVE   ,FLINT,48507,FS0230,Copper,KITCHEN,2
3/2/2016,Lead,7,Copper,70,PIERCE ST   ,FLINT,48503,FS0307,Copper,KITCHEN,2
3/3/2016,Lead,7,Copper,360,SENECA ST   ,FLINT,48504,FS0412,Copper,,2
3/10/2016,Lead,7,Copper,60,HOGARTH AVE   ,FLINT,48532,FS1147,Copper,BATHROOM,2
3/2/2016,Lead,7,Copper,70,JANE AVE   ,FLINT,48506,FS1730,Copper,,2
3/7/2016,Lead,7,Copper,80,HOGARTH AVE   ,FLINT,48532,FS2018,Copper,KITCHEN,2
3/2/2016,Lead,8,Copper,60,LESLIE CT   ,FLINT,48504,FS0141,Copper,KITCHEN,2
3/2/2016,Lead,8,Copper,0,E RUTH AVE  ,FLINT,48505,FS0314,Copper,,2
3/2/2016,Lead,8,Copper,290,HERRICK ST   ,FLINT,48532,FS1070,Copper,BATHROOM,2
3/4/2016,Lead,8,Copper,50,E CARPENTER RD  ,FLINT,48505,FS1208,Copper,KITCHEN,2
3/2/2016,Lead,8,Copper,120,W YORK AVE  ,FLINT,48505,FS1326,Copper,BATHROOM,2
3/2/2016,Lead,8,Copper,0,BLANCHARD AVE   ,FLINT,48503,FS1749,Copper,BATHROOM,2
3/2/2016,Lead,9,Copper,140,E RUSSELL AVE  ,FLINT,48505,FS0004,Copper,BATHROOM,2
3/2/2016,Lead,9,Copper,0,W ELDRIDGE AVE  ,FLINT,48505,FS0028,Copper,KITCHEN,2
3/2/2016,Lead,9,Copper,0,COPEMAN BLVD   ,FLINT,48504,FS0432,Copper,,2
3/2/2016,Lead,9,Copper,0,PENNSYLVANIA AVE   ,FLINT,48506,FS1682,Copper,,2
3/4/2016,Lead,10,Copper,230,BERKLEY ST   ,FLINT,48504,FS0108,Copper,KITCHEN,2
3/2/2016,Lead,10,Copper,290,COPEMAN BLVD   ,FLINT,48504,FS0427,Copper,KITCHEN,2
3/6/2016,Lead,10,Copper,230,HURON ST   ,FLINT,48507,FS1317,Copper,KITCHEN,2
3/6/2016,Lead,10,Copper,50,HERRICK ST   ,FLINT,48532,FS1437,Copper,BATHROOM,2
3/7/2016,Lead,10,Copper,150,MASON ST   ,FLINT,48505,FS1439,Copper,KITCHEN,2
3/2/2016,Lead,10,Copper,0,COLLINGWOOD PKWY   ,FLINT,48503,FS1606,Copper,BATHROOM,2
3/2/2016,Lead,12,Copper,0,LIPPINCOTT BLVD   ,FLINT,48503,FS0311,Copper,,2
3/2/2016,Lead,12,Copper,230,BRENTWOOD DR   ,FLINT,48503,FS0641,Copper,KITCHEN,2
3/2/2016,Lead,12,Copper,100,HOLLY AVE   ,FLINT,48506,FS2346,Copper,KITCHEN,2
3/2/2016,Lead,13,Copper,140,N BALLENGER HWY  ,FLINT,48504,FS0543,Copper,KITCHEN,2
3/4/2016,Lead,13,Copper,130,BARTH ST   ,FLINT,48504,FS2718,Copper,BATHROOM,2
3/2/2016,Lead,14,Copper,100,WELCH BLVD   ,FLINT,48504,FS0044,Copper,,2
3/4/2016,Lead,14,Copper,120,BLUEBERRY LN   ,FLINT,48507,FS2733,Copper,KITCHEN,2
3/2/2016,Lead,15,Copper,0,E DARTMOUTH ST  ,FLINT,48505,FS1289,Copper,BATHROOM,2
3/4/2016,Lead,15,Copper,130,YALE ST   ,FLINT,48503,FS2701,Copper,KITCHEN,2
3/2/2016,Lead,16,Copper,90,E COURT ST  ,FLINT,48503,FS1895,Copper,KITCHEN,2
3/2/2016,Lead,17,Copper,80,CASSIUS ST   ,FLINT,48505,FS1690,Copper,BATHROOM,2
3/3/2016,Lead,18,Copper,0,MT ELLIOTT AVE  ,FLINT,48504,FS0046,Copper,KITCHEN,2
3/2/2016,Lead,18,Copper,230,BEECHER RD   ,FLINT,48503,FS0373,Copper,KITCHEN,2
3/2/2016,Lead,19,Copper,330,SENECA ST   ,FLINT,48504,FS0428,Copper,KITCHEN,2
3/4/2016,Lead,20,Copper,0,LANDON ST   ,FLINT,48504,FS2736,Copper,KITCHEN,2
3/2/2016,Lead,21,Copper,60,CHURCHILL AVE   ,FLINT,48506,FS0054,Copper,KITCHEN,2
3/3/2016,Lead,21,Copper,80,MAXINE ST   ,FLINT,48503,FS8010,Copper,BATHROOM,2
3/2/2016,Lead,22,Copper,0,COPEMAN BLVD   ,FLINT,48504,FS0547,Copper,BATHROOM,2
3/2/2016,Lead,22,Copper,80,WINONA ST   ,FLINT,48504,FS0566,Copper,,2
3/2/2016,Lead,24,Copper,90,BROOKSIDE DR   ,FLINT,48503,FS2703,Copper,BATHROOM,2
3/1/2016,Lead,28,Copper,120,BARTH ST   ,FLINT,48504,FS0604,Copper,KITCHEN,2
3/2/2016,Lead,30,Copper,280,SHERWOOD DR   ,FLINT,48503,FS1444,Copper,BATHROOM,2
3/4/2016,Lead,36,Copper,130,NOLEN DR   ,FLINT,48504,FS2697,Copper,KITCHEN,2
3/2/2016,Lead,38,Copper,240,DALE AVE   ,FLINT,48506,FS2009,Copper,KITCHEN,2
3/2/2016,Lead,38,Copper,130,CHALMERS ST   ,FLINT,48503,FS2060,Copper,KITCHEN,2
3/2/2016,Lead,43,Copper,220,HOGARTH AVE   ,FLINT,48503,FS0993,Copper,KITCHEN,2
3/2/2016,Lead,43,Copper,430,HILLS ST   ,FLINT,48503,FS2303,Copper,KITCHEN,2
3/3/2016,Lead,44,Copper,0,BARNEY AVE   ,FLINT,48503,FS2685,Copper,KITCHEN,2
3/1/2016,Lead,49,Copper,450,BARRIE AVE   ,FLINT,48507,FS2689,Copper,KITCHEN,2
3/2/2016,Lead,57,Copper,140,E COURT ST  ,FLINT,48503,FS0288,Copper,BATHROOM,2
3/6/2016,Lead,66,Copper,90,ARROW LN   ,FLINT,48507,FS2676,Copper,,2
3/6/2016,Lead,67,Copper,70,W PATERSON ST  ,FLINT,48503,FS2716,Copper,KITCHEN,2
3/2/2016,Lead,72,Copper,70,CEDAR ST APT 1 ,FLINT,48503,FS1144,Copper,KITCHEN,2
3/2/2016,Lead,82,Copper,380,NORBERT ST   ,FLINT,48504,FS0086,Copper,,2
3/3/2016,Lead,85,Copper,150,E COURT ST  ,FLINT,48503,FS2037,Copper,,2
3/2/2016,Lead,98,Copper,1570,N STEVENSON ST  ,FLINT,48504,FS0510,Copper,,2
3/2/2016,Lead,117,Copper,110,HILLS ST   ,FLINT,48503,FS1664,Copper,,2
3/7/2016,Lead,140,Copper,110,WINONA ST   ,FLINT,48504,FS0589,Copper,KITCHEN,2
3/6/2016,Lead,164,Copper,2600,HELBER ST   ,FLINT,48504,FS0714,Copper,KITCHEN,2
3/2/2016,Lead,279,Copper,150,BLANCHARD AVE   ,FLINT,48503,FS1445,Copper,BATHROOM,2
3/2/2016,Lead,0,Copper,0,MONTANA AVE   ,FLINT,48506,FS0022,Galvanized,KITCHEN,2
3/2/2016,Lead,0,Copper,0,WYOMING AVE   ,FLINT,48506,FS0023,Galvanized,KITCHEN,2
3/3/2016,Lead,0,Copper,0,EDWARDS AVE   ,FLINT,48505,FS0025,Galvanized,,2
3/2/2016,Lead,0,Copper,50,MT ELLIOTT AVE  ,FLINT,48504,FS0050,Galvanized,,2
3/2/2016,Lead,0,Copper,100,BENNETT AVE   ,FLINT,48506,FS0075,Galvanized,KITCHEN,2
3/2/2016,Lead,0,Copper,50,BARTH ST   ,FLINT,48504,FS0087,Galvanized,KITCHEN,2
3/2/2016,Lead,0,Copper,0,FRANK ST   ,FLINT,48504,FS0093,Galvanized,,2
3/7/2016,Lead,0,Copper,0,MASON ST   ,FLINT,48503,FS0113,Galvanized,BATHROOM,2
3/2/2016,Lead,0,Copper,0,GIBSON ST   ,FLINT,48503,FS0191,Galvanized,KITCHEN,2
3/9/2016,Lead,0,Copper,0,BLOOR AVE   ,FLINT,48507,FS0225,Galvanized,KITCHEN,2
3/2/2016,Lead,0,Copper,0,E TOBIAS ST  ,FLINT,48503,FS0226,Galvanized,KITCHEN,2
3/2/2016,Lead,0,Copper,0,E TOBIAS ST  ,FLINT,48503,FS0226,Galvanized,KITCHEN,2
3/2/2016,Lead,0,Copper,0,MONROE ST   ,FLINT,48503,FS0240,Galvanized,KITCHEN,2
3/2/2016,Lead,0,Copper,0,BROWN ST   ,FLINT,48503,FS0268,Galvanized,KITCHEN,2
3/2/2016,Lead,0,Copper,0,CHURCH ST   ,FLINT,48503,FS0396,Galvanized,,2
3/2/2016,Lead,0,Copper,90,COPEMAN BLVD   ,FLINT,48504,FS0532,Galvanized,KITCHEN,2
3/7/2016,Lead,0,Copper,0,MACKIN RD   ,FLINT,48504,FS0688,Galvanized,,2
3/9/2016,Lead,0,Copper,80,NORBERT ST   ,FLINT,48504,FS0903,Galvanized,KITCHEN,2
3/2/2016,Lead,0,Copper,0,NEW YORK AVE  ,FLINT,48506,FS1074,Galvanized,KITCHEN,2
3/2/2016,Lead,0,Copper,0,DURAND ST   ,FLINT,48503,FS1080,Galvanized,KITCHEN,2
3/2/2016,Lead,0,Copper,0,E TOBIAS ST  ,FLINT,48503,FS1334,Galvanized,KITCHEN,2
3/3/2016,Lead,0,Copper,110,ROOME CT   ,FLINT,48503,FS1336,Galvanized,KITCHEN,2
3/2/2016,Lead,0,Copper,0,E BAKER ST  ,FLINT,48505,FS1357,Galvanized,,2
3/2/2016,Lead,0,Copper,0,GREEN ST   ,FLINT,48503,FS1358,Galvanized,KITCHEN,2
3/4/2016,Lead,0,Copper,0,DUPONT ST   ,FLINT,48504,FS1422,Galvanized,KITCHEN,2
3/2/2016,Lead,0,Copper,60,AVENUE B   ,FLINT,48503,FS1523,Galvanized,KITCHEN,2
3/6/2016,Lead,0,Copper,0,E GENESEE ST  ,FLINT,48505,FS1554,Galvanized,KITCHEN,2
3/2/2016,Lead,0,Copper,0,BLANCHARD AVE   ,FLINT,48503,FS1630,Galvanized,BATHROOM,2
3/2/2016,Lead,0,Copper,150,WINONA ST   ,FLINT,48504,FS1641,Galvanized,BATHROOM,2
3/2/2016,Lead,0,Copper,0,BARTH ST   ,FLINT,48504,FS1665,Galvanized,KITCHEN,2
3/2/2016,Lead,0,Copper,0,CASSIUS ST   ,FLINT,48505,FS1700,Galvanized,KITCHEN,2
3/2/2016,Lead,0,Copper,0,BROWN ST   ,FLINT,48503,FS1745,Galvanized,KITCHEN,2
3/2/2016,Lead,0,Copper,60,GREENFIELD AVE   ,FLINT,48503,FS1982,Galvanized,KITCHEN,2
3/2/2016,Lead,0,Copper,0,E DARTMOUTH ST  ,FLINT,48505,FS2004,Galvanized,KITCHEN,2
3/2/2016,Lead,0,Copper,0,GREENFIELD AVE   ,FLINT,48503,FS2029,Galvanized,BATHROOM,2
3/6/2016,Lead,0,Copper,0,FRANK ST   ,FLINT,48504,FS2046,Galvanized,,2
3/6/2016,Lead,0,Copper,0,HOGARTH AVE   ,FLINT,48503,FS2200,Galvanized,KITCHEN,2
3/4/2016,Lead,0,Copper,0,GARLAND ST   ,FLINT,48503,FS2231,Galvanized,KITCHEN,2
3/2/2016,Lead,0,Copper,0,E BAKER ST  ,FLINT,48505,FS2232,Galvanized,KITCHEN,2
3/2/2016,Lead,0,Copper,0,E DARTMOUTH ST  ,FLINT,48505,FS2300,Galvanized,KITCHEN,2
3/4/2016,Lead,0,Copper,230,PIERCE ST   ,FLINT,48503,FS2318,Galvanized,KITCHEN,2
3/2/2016,Lead,0,Copper,0,BLANCHARD AVE   ,FLINT,48503,FS2323,Galvanized,KITCHEN,2
3/6/2016,Lead,0,Copper,0,E GENESEE ST  ,FLINT,48505,FS2659,Galvanized,KITCHEN,2
3/4/2016,Lead,1,Copper,80,W HAMILTON AVE  ,FLINT,48504,FS0045,Galvanized,KITCHEN,2
3/2/2016,Lead,1,Copper,0,MT ELLIOTT AVE  ,FLINT,48504,FS0049,Galvanized,BATHROOM,2
3/2/2016,Lead,1,Copper,90,W HAMILTON AVE  ,FLINT,48503,FS0124,Galvanized,KITCHEN,2
3/2/2016,Lead,1,Copper,0,JANE AVE   ,FLINT,48506,FS1738,Galvanized,KITCHEN,2
3/4/2016,Lead,1,Copper,130,BLANCHARD AVE   ,FLINT,48503,FS1761,Galvanized,KITCHEN,2
3/6/2016,Lead,1,Copper,0,E EDDINGTON AVE  ,FLINT,48503,FS2003,Galvanized,,2
3/2/2016,Lead,1,Copper,80,E MOORE ST  ,FLINT,48505,FS2571,Galvanized,KITCHEN,2
3/2/2016,Lead,2,Copper,70,BILLINGS ST   ,FLINT,48505,FS0012,Galvanized,,2
3/2/2016,Lead,2,Copper,0,BENNETT AVE   ,FLINT,48506,FS0074,Galvanized,KITCHEN,2
3/4/2016,Lead,2,Copper,60,BEARD ST   ,FLINT,48503,FS0177,Galvanized,KITCHEN,2
3/3/2016,Lead,2,Copper,100,WOODSIDE DR   ,FLINT,48503,FS0178,Galvanized,KITCHEN,2
3/2/2016,Lead,2,Copper,70,CROMWELL AVE   ,FLINT,48503,FS0184,Galvanized,KITCHEN,2
3/2/2016,Lead,2,Copper,0,BARNEY AVE   ,FLINT,48503,FS0254,Galvanized,KITCHEN,2
3/2/2016,Lead,2,Copper,0,W PATERSON ST  ,FLINT,48504,FS0340,Galvanized,KITCHEN,2
3/2/2016,Lead,2,Copper,0,WELCH BLVD   ,FLINT,48504,FS0379,Galvanized,BATHROOM,2
3/3/2016,Lead,2,Copper,0,MACKIN RD   ,FLINT,48504,FS0410,Galvanized,KITCHEN,2
3/2/2016,Lead,2,Copper,100,MASON ST   ,FLINT,48505,FS1060,Galvanized,BATHROOM,2
3/2/2016,Lead,2,Copper,0,BLANCHARD AVE   ,FLINT,48503,FS1260,Galvanized,BATHROOM,2
3/2/2016,Lead,2,Copper,80,CLAIRMONT ST   ,FLINT,48503,FS1384,Galvanized,KITCHEN,2
3/2/2016,Lead,2,Copper,0,BROWN ST   ,FLINT,48503,FS1576,Galvanized,KITCHEN,2
3/2/2016,Lead,2,Copper,0,PIERCE ST   ,FLINT,48503,FS1599,Galvanized,KITCHEN,2
3/2/2016,Lead,2,Copper,0,BLANCHARD AVE   ,FLINT,48503,FS1642,Galvanized,KITCHEN,2
3/2/2016,Lead,2,Copper,0,HILLS ST   ,FLINT,48503,FS1675,Galvanized,KITCHEN,2
3/2/2016,Lead,2,Copper,170,E BAKER ST  ,FLINT,48505,FS1980,Galvanized,KITCHEN,2
3/2/2016,Lead,2,Copper,0,MAPLEWOOD AVE   ,FLINT,48506,FS2015,Galvanized,KITCHEN,2
3/2/2016,Lead,2,Copper,0,E GENESEE ST  ,FLINT,48505,FS2043,Galvanized,KITCHEN,2
3/2/2016,Lead,2,Copper,140,BRANDON ST   ,FLINT,48503,FS2228,Galvanized,KITCHEN,2
3/7/2016,Lead,2,Copper,90,STOCKER AVE   ,FLINT,48503,FS2398,Galvanized,BATHROOM,2
3/2/2016,Lead,2,Copper,0,IRENE AVE   ,FLINT,48503,FS2497,Galvanized,KITCHEN,2
3/7/2016,Lead,2,Copper,0,DICKINSON ST   ,FLINT,48504,FS2710,Galvanized,KITCHEN,2
3/8/2016,Lead,2,Copper,220,PERRY ST   ,FLINT,48504,FS2734,Galvanized,BATHROOM,2
3/2/2016,Lead,3,Copper,0,WOLCOTT ST   ,FLINT,48504,FS0079,Galvanized,BATHROOM,2
3/2/2016,Lead,3,Copper,0,MIDDLETON ST   ,FLINT,48503,FS0206,Galvanized,KITCHEN,2
3/3/2016,Lead,3,Copper,0,BARTH ST   ,FLINT,48504,FS0638,Galvanized,KITCHEN,2
3/2/2016,Lead,3,Copper,0,MOUNTAIN AVE   ,FLINT,48503,FS1000,Galvanized,KITCHEN,2
3/2/2016,Lead,3,Copper,0,OLIVER ST   ,FLINT,48503,FS1170,Galvanized,,2
3/2/2016,Lead,3,Copper,0,CEDAR ST   ,FLINT,48503,FS1962,Galvanized,KITCHEN,2
3/2/2016,Lead,3,Copper,0,CEDAR ST   ,FLINT,48503,FS2225,Galvanized,KITCHEN,2
3/2/2016,Lead,3,Copper,430,THOMAS ST   ,FLINT,48504,FS2330,Galvanized,KITCHEN,2
3/3/2016,Lead,4,Copper,290,ADAMS AVE   ,FLINT,48505,FS0112,Galvanized,,2
3/2/2016,Lead,4,Copper,50,WHITNEY AVE   ,FLINT,48532,FS1075,Galvanized,KITCHEN,2
3/2/2016,Lead,4,Copper,0,EDWIN AVE   ,FLINT,48505,FS1087,Galvanized,KITCHEN,2
3/8/2016,Lead,4,Copper,120,MATHEWSON ST   ,FLINT,48504,FS1540,Galvanized,KITCHEN,2
3/2/2016,Lead,4,Copper,0,GREEN ST   ,FLINT,48503,FS1900,Galvanized,KITCHEN,2
3/2/2016,Lead,4,Copper,120,E MC CLELLAN ST ,FLINT,48505,FS2131,Galvanized,BATHROOM,2
3/7/2016,Lead,4,Copper,0,LAWNDALE AVE   ,FLINT,48504,FS2165,Galvanized,KITCHEN,2
3/2/2016,Lead,4,Copper,120,CRESCENT DR   ,FLINT,48503,FS2306,Galvanized,BATHROOM,2
3/2/2016,Lead,5,Copper,0,KNAPP AVE   ,FLINT,48503,FS0202,Galvanized,KITCHEN,2
3/2/2016,Lead,5,Copper,0,W JACKSON AVE APT 1,FLINT,48505,FS1126,Galvanized,,2
3/6/2016,Lead,5,Copper,0,E LIVINGSTON DR  ,FLINT,48503,FS1362,Galvanized,KITCHEN,2
3/2/2016,Lead,5,Copper,0,E MC CLELLAN ST ,FLINT,48505,FS1974,Galvanized,KITCHEN,2
3/4/2016,Lead,6,Copper,0,BELLE AVE   ,FLINT,48506,FS1747,Galvanized,BATHROOM,2
3/2/2016,Lead,6,Copper,0,CLAIRMONT ST   ,FLINT,48503,FS2302,Galvanized,KITCHEN,2
3/2/2016,Lead,6,Copper,0,BLANCHARD AVE   ,FLINT,48503,FS2376,Galvanized,KITCHEN,2
3/2/2016,Lead,7,Copper,0,FRANK ST   ,FLINT,48504,FS0368,Galvanized,KITCHEN,2
3/2/2016,Lead,7,Copper,230,GREEN ST   ,FLINT,48503,FS1893,Galvanized,,2
3/2/2016,Lead,7,Copper,110,W JACKSON AVE  ,FLINT,48505,FS2163,Galvanized,,2
3/2/2016,Lead,8,Copper,80,W CARPENTER RD  ,FLINT,48505,FS0144,Galvanized,,2
3/3/2016,Lead,8,Copper,0,LAWNDALE AVE   ,FLINT,48504,FS1520,Galvanized,,2
3/2/2016,Lead,9,Copper,90,FIELDING ST   ,FLINT,48503,FS0204,Galvanized,KITCHEN,2
3/2/2016,Lead,9,Copper,50,E DEWEY ST APT 2,FLINT,48505,FS8002,Galvanized,KITCHEN,2
3/6/2016,Lead,10,Copper,270,E BAKER ST  ,FLINT,48505,FS1363,Galvanized,KITCHEN,2
3/7/2016,Lead,10,Copper,0,E MC CLELLAN ST ,FLINT,48505,FS2072,Galvanized,,2
3/7/2016,Lead,11,Copper,70,W RANKIN ST  ,FLINT,48504,FS0036,Galvanized,KITCHEN,2
3/3/2016,Lead,11,Copper,60,KANSAS AVE   ,FLINT,48506,FS0166,Galvanized,KITCHEN,2
3/2/2016,Lead,12,Copper,0,CLAIRMONT ST   ,FLINT,48503,FS2002,Galvanized,KITCHEN,2
3/2/2016,Lead,12,Copper,0,MASON ST   ,FLINT,48505,FS2352,Galvanized,,2
3/2/2016,Lead,17,Copper,0,WASHINGTON AVE   ,FLINT,48503,FS0272,Galvanized,KITCHEN,2
3/2/2016,Lead,17,Copper,0,E WELLINGTON AVE  ,FLINT,48503,FS1388,Galvanized,KITCHEN,2
3/2/2016,Lead,21,Copper,0,MASON ST   ,FLINT,48505,FS2365,Galvanized,KITCHEN,2
3/2/2016,Lead,29,Copper,100,HILLS ST   ,FLINT,48503,FS1752,Galvanized,KITCHEN,2
3/2/2016,Lead,31,Copper,220,CEDAR ST   ,FLINT,48503,FS1594,Galvanized,KITCHEN,2
3/2/2016,Lead,33,Copper,0,ZIMMERMAN ST   ,FLINT,48503,FS2711,Galvanized,,2
3/6/2016,Lead,38,Copper,160,ALEXANDER ST   ,FLINT,48505,FS2707,Galvanized,,2
3/2/2016,Lead,47,Copper,120,OLIVER ST   ,FLINT,48503,FS1172,Galvanized,,2
3/3/2016,Lead,55,Copper,0,CHURCH ST   ,FLINT,48503,FS0238,Galvanized,KITCHEN,2
3/2/2016,Lead,71,Copper,600,SLOAN ST   ,FLINT,48504,FS0084,Galvanized,KITCHEN,2
3/2/2016,Lead,110,Copper,130,THOMAS ST   ,FLINT,48504,FS0431,Galvanized,KITCHEN,2
3/2/2016,Lead,387,Copper,90,MASON ST   ,FLINT,48505,FS1077,Galvanized,KITCHEN,2
3/2/2016,Lead,0,Copper,50,LELAND ST   ,FLINT,48507,FS1029,Lead,KITCHEN,2
3/13/2016,Lead,0,Copper,0,ALVORD AVE   ,FLINT,48507,FS1379,Lead,,2
3/2/2016,Lead,0,Copper,70,CRAWFORD ST   ,FLINT,48507,FS1551,Lead,KITCHEN,2
3/2/2016,Lead,0,Copper,0,CRAWFORD ST   ,FLINT,48507,FS1696,Lead,KITCHEN,2
3/2/2016,Lead,0,Copper,0,HOGARTH AVE   ,FLINT,48503,FS2188,Lead,,2
3/9/2016,Lead,0,Copper,0,ALVORD AVE   ,FLINT,48507,FS2724,Lead,KITCHEN,2
3/10/2016,Lead,0,Copper,0,E LYNDON AVE  ,FLINT,48505,FS2729,Lead,KITCHEN,2
3/13/2016,Lead,0,Copper,0,W COURT ST  ,FLINT,48532,FS2732,Lead,KITCHEN,2
3/3/2016,Lead,0,Copper,0,FLEMING RD   ,FLINT,48504,FS4000,Lead,KITCHEN,2
3/2/2016,Lead,1,Copper,150,CRAWFORD ST   ,FLINT,48507,FS1693,Lead,KITCHEN,2
3/2/2016,Lead,1,Copper,0,E GENESEE ST  ,FLINT,48505,FS1964,Lead,KITCHEN,2
3/3/2016,Lead,1,Copper,0,WINDEMERE AVE   ,FLINT,48503,FS2189,Lead,KITCHEN,2
3/7/2016,Lead,1,Copper,210,ALVORD AVE   ,FLINT,48507,FS2726,Lead,KITCHEN,2
3/9/2016,Lead,1,Copper,140,ALVORD AVE   ,FLINT,48507,FS8005,Lead,KITCHEN,2
3/2/2016,Lead,2,Copper,0,CAMPBELL ST   ,FLINT,48507,FS0224,Lead,KITCHEN,2
3/2/2016,Lead,2,Copper,0,PIERCE ST   ,FLINT,48503,FS2266,Lead,KITCHEN,2
3/7/2016,Lead,2,Copper,0,OGEMA AVE   ,FLINT,48507,FS2651,Lead,KITCHEN,2
3/7/2016,Lead,2,Copper,140,ALVORD AVE   ,FLINT,48507,FS2725,Lead,KITCHEN,2
2/24/2016,Lead,2,Copper,150,ALVORD AVE   ,FLINT,48507,FS2737,Lead,KITCHEN,2
3/3/2016,Lead,3,Copper,0,S FRANKLIN AVE  ,FLINT,48503,FS0297,Lead,KITCHEN,2
3/2/2016,Lead,3,Copper,0,COPEMAN BLVD   ,FLINT,48504,FS0336,Lead,KITCHEN,2
3/2/2016,Lead,3,Copper,0,COPEMAN BLVD   ,FLINT,48504,FS0404,Lead,BATHROOM,2
3/3/2016,Lead,3,Copper,0,MALLERY ST   ,FLINT,48504,FS0886,Lead,KITCHEN,2
3/5/2016,Lead,3,Copper,50,CLINTON ST   ,FLINT,48507,FS1130,Lead,KITCHEN,2
3/4/2016,Lead,3,Copper,50,PIERCE ST   ,FLINT,48503,FS1131,Lead,KITCHEN,2
3/9/2016,Lead,3,Copper,0,CRAWFORD ST   ,FLINT,48507,FS1654,Lead,KITCHEN,2
3/2/2016,Lead,3,Copper,70,CRESCENT DR   ,FLINT,48503,FS2223,Lead,,2
3/7/2016,Lead,3,Copper,0,LELAND ST   ,FLINT,48507,FS2722,Lead,KITCHEN,2
3/9/2016,Lead,3,Copper,0,ALVORD AVE   ,FLINT,48507,FS2723,Lead,KITCHEN,2
3/2/2016,Lead,4,Copper,0,CLINTON ST   ,FLINT,48507,FS0247,Lead,,2
3/2/2016,Lead,4,Copper,0,MALLERY ST   ,FLINT,48504,FS0935,Lead,KITCHEN,2
3/2/2016,Lead,4,Copper,0,MALLERY ST   ,FLINT,48504,FS0984,Lead,KITCHEN,2
3/3/2016,Lead,4,Copper,70,CRAWFORD ST   ,FLINT,48507,FS1113,Lead,KITCHEN,2
3/5/2016,Lead,4,Copper,90,CLINTON ST   ,FLINT,48507,FS1130,Lead,KITCHEN,2
3/2/2016,Lead,4,Copper,0,CRAWFORD ST   ,FLINT,48507,FS1557,Lead,,2
3/2/2016,Lead,4,Copper,130,BROOKSIDE DR   ,FLINT,48503,FS1840,Lead,KITCHEN,2
3/10/2016,Lead,6,Copper,110,E ATHERTON RD  ,FLINT,48507,FS2731,Lead,KITCHEN,2
3/2/2016,Lead,7,Copper,250,HILLS ST   ,FLINT,48503,FS0308,Lead,KITCHEN,2
3/2/2016,Lead,7,Copper,90,MALLERY ST   ,FLINT,48504,FS0973,Lead,KITCHEN,2
3/9/2016,Lead,7,Copper,0,CRAWFORD ST   ,FLINT,48507,FS2117,Lead,KITCHEN,2
3/7/2016,Lead,7,Copper,0,ALVORD AVE   ,FLINT,48507,FS2727,Lead,KITCHEN,2
3/4/2016,Lead,7,Copper,50,E HOBSON AVE  ,FLINT,48505,FS4001,Lead,BATHROOM,2
3/2/2016,Lead,8,Copper,0,WELCH BLVD   ,FLINT,48504,FS0408,Lead,KITCHEN,2
3/2/2016,Lead,9,Copper,0,SOUTH DR   ,FLINT,48503,FS0211,Lead,KITCHEN,2
3/2/2016,Lead,9,Copper,0,CLINTON ST   ,FLINT,48507,FS0248,Lead,KITCHEN,2
3/2/2016,Lead,9,Copper,0,ALVORD AVE   ,FLINT,48507,FS4002,Lead,KITCHEN,2
3/13/2016,Lead,10,Copper,0,MALLERY ST   ,FLINT,48504,FS0902,Lead,KITCHEN,2
3/2/2016,Lead,11,Copper,60,CLINTON ST   ,FLINT,48507,FS1382,Lead,BATHROOM,2
3/2/2016,Lead,14,Copper,0,MALLERY ST   ,FLINT,48504,FS0910,Lead,,2
3/2/2016,Lead,14,Copper,410,HOGARTH AVE   ,FLINT,48503,FS1014,Lead,KITCHEN,2
3/10/2016,Lead,14,Copper,220,E ATHERTON RD  ,FLINT,48507,FS2730,Lead,KITCHEN,2
3/2/2016,Lead,16,Copper,120,CLAIRMONT ST   ,FLINT,48503,FS2392,Lead,,2
3/2/2016,Lead,24,Copper,80,MOUNTAIN AVE   ,FLINT,48503,FS0401,Lead,BATHROOM,2
3/2/2016,Lead,29,Copper,150,WELCH BLVD   ,FLINT,48504,FS0409,Lead,KITCHEN,2
3/7/2016,Lead,32,Copper,70,MILLER RD   ,FLINT,48503,FS1356,Lead,KITCHEN,2
3/6/2016,Lead,44,Copper,200,CALUMET ST   ,FLINT,48503,FS1161,Lead,KITCHEN,2
3/2/2016,Lead,213,Copper,350,E COURT ST  ,FLINT,48503,FS1313,Lead,,2
3/2/2016,Lead,0,Copper,260,MANN AVE   ,FLINT,48503,FS0193,Other,KITCHEN,2
3/2/2016,Lead,1,Copper,160,N GRAND TRAVERSE  ,FLINT,48503,FS2691,Other,BATHROOM,2
3/2/2016,Lead,23,Copper,860,N GRAND TRAVERSE  ,FLINT,48503,FS2691,Other,BATHROOM,2
3/2/2016,Lead,0,Copper,80,S SAGINAW ST  ,FLINT,48502,FS0179,Plastic,KITCHEN,2
3/6/2016,Lead,0,Copper,80,M L KING AVE ,FLINT,48503,FS0382,Plastic,BATHROOM,2
3/2/2016,Lead,0,Copper,0,BARTH ST   ,FLINT,48504,FS0415,Unknown,KITCHEN,2
3/4/2016,Lead,0,Copper,0,MOUNTAIN AVE   ,FLINT,48503,FS1493,Unknown,KITCHEN,2
3/2/2016,Lead,0,Copper,0,BLANCHARD AVE   ,FLINT,48503,FS1766,Unknown,BATHROOM,2
3/7/2016,Lead,0,Copper,70,CLAIRMONT ST   ,FLINT,48503,FS2014,Unknown,KITCHEN,2
3/2/2016,Lead,0,Copper,0,FRANK ST   ,FLINT,48504,FS2050,Unknown,BATHROOM,2
3/2/2016,Lead,0,Copper,200,BROOKSIDE DR   ,FLINT,48503,FS2061,Unknown,KITCHEN,2
3/2/2016,Lead,0,Copper,0,PIERCE ST   ,FLINT,48503,FS2130,Unknown,BATHROOM,2
3/2/2016,Lead,0,Copper,320,PIERCE ST   ,FLINT,48503,FS2230,Unknown,KITCHEN,2
3/2/2016,Lead,1,Copper,0,WINONA ST   ,FLINT,48504,FS0596,Unknown,KITCHEN,2
3/2/2016,Lead,2,Copper,100,E RUSSELL AVE  ,FLINT,48505,FS2129,Unknown,,2
3/3/2016,Lead,3,Copper,250,E BELVIDERE AVE  ,FLINT,48503,FS0250,Unknown,,2
3/2/2016,Lead,4,Copper,0,E RUSSELL AVE  ,FLINT,48505,FS1994,Unknown,KITCHEN,2
3/2/2016,Lead,4,Copper,0,GREENFIELD AVE   ,FLINT,48503,FS2001,Unknown,BATHROOM,2
3/2/2016,Lead,4,Copper,90,FRANK ST   ,FLINT,48504,FS2316,Unknown,KITCHEN,2
3/2/2016,Lead,8,Copper,0,E COURT ST  ,FLINT,48503,FS2080,Unknown,BATHROOM,2
3/4/2016,Lead,9,Copper,100,KELLAR AVE   ,FLINT,48504,FS0925,Unknown,KITCHEN,2
3/3/2016,Lead,11,Copper,80,S FRANKLIN AVE  ,FLINT,48503,FS1764,Unknown,KITCHEN,2
3/2/2016,Lead,15,Copper,0,E COURT ST  ,FLINT,48503,FS1901,Unknown,KITCHEN,2
3/2/2016,Lead,15,Copper,80,MAPLEWOOD AVE   ,FLINT,48506,FS2367,Unknown,KITCHEN,2
3/3/2016,Lead,22,Copper,240,COPEMAN BLVD   ,FLINT,48504,FS0716,Unknown,BATHROOM,2
3/2/2016,Lead,23,Copper,120,E GENESEE ST  ,FLINT,48505,FS0323,Unknown,BATHROOM,2
